Name,Mobile,Email
Nisha Gupta,9576568344,nishagupta636@example.com
Nisha Patel,9925526932,nishapatel756@example.com
Aditya Verma,9938221855,adityaverma416@example.com
Arjun Joshi,9885332453,arjunjoshi340@example.com
Krishna Verma,9637483851,krishnaverma387@example.com
Vivaan Joshi,9553435106,vivaanjoshi277@example.com
Rahul Verma,9623477360,rahulverma500@example.com
Vivaan Sharma,9963888059,vivaansharma39@example.com
Riya Mehta,9237827139,riyamehta860@example.com
Aarav Desai,9751743257,aaravdesai970@example.com
Diya Patel,9443524589,diyapatel154@example.com
Priya Singh,9450289698,priyasingh608@example.com
Rahul Joshi,9437421239,rahuljoshi711@example.com
Ananya Desai,9646312224,ananyadesai512@example.com
Riya Sharma,9290525963,riyasharma392@example.com
Diya Desai,9738787860,diyadesai155@example.com
Aarav Sharma,9090179806,aaravsharma360@example.com
Nisha Patel,9382776948,nishapatel269@example.com
Rohan Desai,9617588354,rohandesai986@example.com
Nisha Desai,9678425747,nishadesai492@example.com
Krishna Shah,9756979355,krishnashah680@example.com
Neha Gupta,9799553880,nehagupta970@example.com
Arjun Gupta,9397726530,arjungupta704@example.com
Neha Shah,9324599120,nehashah126@example.com
Riya Sharma,9206385789,riyasharma27@example.com
Priya Verma,9199032137,priyaverma405@example.com
Rohan Mehta,9948421258,rohanmehta568@example.com
Aarav Singh,9027366974,aaravsingh320@example.com
Priya Desai,9866426721,priyadesai293@example.com
Aditya Shah,9596062427,adityashah209@example.com
Sneha Desai,9721261733,snehadesai906@example.com
Ananya Mehta,9547729042,ananyamehta798@example.com
Rahul Desai,9943480746,rahuldesai93@example.com
Diya Kapoor,9650679312,diyakapoor899@example.com
Nisha Patel,9738107802,nishapatel157@example.com
Kunal Patel,9430672732,kunalpatel669@example.com
Nisha Singh,9693008590,nishasingh539@example.com
Rohan Singh,9743046450,rohansingh114@example.com
Kunal Gupta,9785691284,kunalgupta368@example.com
Rohan Sharma,9013238330,rohansharma401@example.com
Ananya Singh,9865592130,ananyasingh133@example.com
Diya Gupta,9578601216,diyagupta658@example.com
Aarav Gupta,9891071592,aaravgupta776@example.com
Sneha Shah,9806806844,snehashah41@example.com
Dev Kapoor,9611272031,devkapoor751@example.com
Rahul Sharma,9211206756,rahulsharma909@example.com
Neha Verma,9941832447,nehaverma64@example.com
Vivaan Singh,9359348243,vivaansingh452@example.com
Krishna Desai,9244227370,krishnadesai811@example.com
Ishita Singh,9430490804,ishitasingh98@example.com
Karan Gupta,9012717873,karangupta512@example.com
Krishna Desai,9357682919,krishnadesai770@example.com
Diya Gupta,9065117461,diyagupta871@example.com
Nisha Desai,9138802963,nishadesai498@example.com
Nisha Shah,9317241907,nishashah806@example.com
Aditya Joshi,9649265676,adityajoshi220@example.com
Nisha Verma,9274450266,nishaverma661@example.com
Ishita Kapoor,9863472575,ishitakapoor864@example.com
Krishna Patel,9733373821,krishnapatel302@example.com
Ananya Joshi,9120832019,ananyajoshi266@example.com
Sneha Sharma,9232863534,snehasharma461@example.com
Rohan Shah,9138570423,rohanshah940@example.com
Diya Desai,9371641743,diyadesai356@example.com
Vivaan Singh,9831595852,vivaansingh931@example.com
Vivaan Verma,9835874382,vivaanverma666@example.com
Neha Joshi,9802251563,nehajoshi633@example.com
Ananya Sharma,9053865238,ananyasharma160@example.com
Nisha Kapoor,9326838848,nishakapoor138@example.com
Ananya Shah,9459657829,ananyashah344@example.com
Riya Shah,9228998673,riyashah460@example.com
Nisha Desai,9966305640,nishadesai881@example.com
Aarav Mehta,9077856763,aaravmehta302@example.com
Karan Sharma,9162834029,karansharma407@example.com
Dev Desai,9117108132,devdesai901@example.com
Sneha Joshi,9084768898,snehajoshi391@example.com
Diya Shah,9878610244,diyashah374@example.com
Rahul Sharma,9459126331,rahulsharma613@example.com
Vivaan Joshi,9414523860,vivaanjoshi65@example.com
Meera Singh,9463019791,meerasingh779@example.com
Aditya Sharma,9571402817,adityasharma688@example.com
Aarav Desai,9925875918,aaravdesai595@example.com
Ishita Singh,9962368364,ishitasingh29@example.com
Meera Mehta,9258449698,meeramehta701@example.com
Ishita Shah,9877417610,ishitashah880@example.com
Arjun Verma,9407659920,arjunverma161@example.com
Nisha Patel,9850236536,nishapatel426@example.com
Rahul Singh,9143967272,rahulsingh459@example.com
Ananya Shah,9483955922,ananyashah156@example.com
Meera Sharma,9358374679,meerasharma588@example.com
Vivaan Kapoor,9785838095,vivaankapoor596@example.com
Ishita Joshi,9266791810,ishitajoshi281@example.com
Rahul Verma,9563171251,rahulverma193@example.com
Riya Kapoor,9739240905,riyakapoor412@example.com
Rahul Verma,9596613687,rahulverma798@example.com
Riya Kapoor,9849567885,riyakapoor145@example.com
Aarav Desai,9462558815,aaravdesai348@example.com
Priya Mehta,9798739786,priyamehta530@example.com
Yash Patel,9887096894,yashpatel299@example.com
Kunal Patel,9138524830,kunalpatel927@example.com
Karan Singh,9499549800,karansingh100@example.com
